{
    "manipulatable_features": {
        "x1": [-3.141592653589793, 3.141592653589793, 1],
        "x2": [-3.141592653589793, 3.141592653589793, 1],
        "x3": [-3.141592653589793, 3.141592653589793, 1]
    },
    "limits": {
        "y1": [-10.34, 17.0],
        "y2": [0.328, 406.0]
    },
    "min_thresholds": {
        "y1": 8.0,
        "y2": 250.0
    },
    "max_thresholds": {
    },
    "objectives": {
        "minimize": [],
        "maximize": ["y1", "y2"]
    },
    "equality_constraints": {
    }
}
