{
  "token_acc": 1.0,
  "token_p": 0.9988117635,
  "token_r": 0.9995045581,
  "token_f": 0.9991580407,
  "pos_acc": 0.9694357755,
  "morph_acc": 0.958640844,
  "morph_micro_p": 0.9820781104,
  "morph_micro_r": 0.9769167354,
  "morph_micro_f": 0.9794906235,
  "morph_per_feat": {
    "Mood": {
      "p": 0.9841849148,
      "r": 0.9782345828,
      "f": 0.9812007277
    },
    "Number": {
      "p": 0.9937343358,
      "r": 0.9880080984,
      "f": 0.9908629442
    },
    "Person": {
      "p": 0.9743315508,
      "r": 0.9722518677,
      "f": 0.9732905983
    },
    "Tense": {
      "p": 0.9499358151,
      "r": 0.9736842105,
      "f": 0.9616634178
    },
    "VerbForm": {
      "p": 0.9731437599,
      "r": 0.9762282092,
      "f": 0.9746835443
    },
    "Gender": {
      "p": 0.970770422,
      "r": 0.9590743928,
      "f": 0.9648869649
    },
    "PronType": {
      "p": 0.989599584,
      "r": 0.9834625323,
      "f": 0.9865215137
    },
    "Definite": {
      "p": 0.9979591837,
      "r": 0.993902439,
      "f": 0.9959266802
    },
    "NumType": {
      "p": 0.9579288026,
      "r": 0.9704918033,
      "f": 0.9641693811
    },
    "Voice": {
      "p": 0.9512195122,
      "r": 0.9069767442,
      "f": 0.9285714286
    },
    "Polarity": {
      "p": 1.0,
      "r": 1.0,
      "f": 1.0
    },
    "Case": {
      "p": 0.9489795918,
      "r": 0.9489795918,
      "f": 0.9489795918
    }
  },
  "sents_p": 0.939864453,
  "sents_r": 0.9630010655,
  "sents_f": 0.9512921022,
  "dep_uas": 0.9021776702,
  "dep_las": 0.8624265468,
  "dep_las_per_type": {
    "cop": {
      "p": 0.8533333333,
      "r": 0.9078014184,
      "f": 0.8797250859
    },
    "root": {
      "p": 0.9239130435,
      "r": 0.9107142857,
      "f": 0.9172661871
    },
    "det": {
      "p": 0.9689578714,
      "r": 0.9593852909,
      "f": 0.9641478213
    },
    "amod": {
      "p": 0.9484029484,
      "r": 0.9414634146,
      "f": 0.9449204406
    },
    "nsubj": {
      "p": 0.9001751313,
      "r": 0.8970331588,
      "f": 0.8986013986
    },
    "case": {
      "p": 0.9732824427,
      "r": 0.9763880026,
      "f": 0.9748327493
    },
    "nmod": {
      "p": 0.8114224138,
      "r": 0.8385300668,
      "f": 0.8247535597
    },
    "flat:name": {
      "p": 0.8939929329,
      "r": 0.92,
      "f": 0.9068100358
    },
    "acl": {
      "p": 0.6607142857,
      "r": 0.6379310345,
      "f": 0.649122807
    },
    "advmod": {
      "p": 0.7937853107,
      "r": 0.7982954545,
      "f": 0.7960339943
    },
    "obl": {
      "p": 0.7023060797,
      "r": 0.6893004115,
      "f": 0.6957424714
    },
    "conj": {
      "p": 0.6240310078,
      "r": 0.594095941,
      "f": 0.6086956522
    },
    "cc": {
      "p": 0.8760683761,
      "r": 0.8913043478,
      "f": 0.8836206897
    },
    "obj": {
      "p": 0.8479532164,
      "r": 0.838150289,
      "f": 0.8430232558
    },
    "obl:agent": {
      "p": 0.8064516129,
      "r": 0.8333333333,
      "f": 0.8196721311
    },
    "acl:relcl": {
      "p": 0.7211538462,
      "r": 0.7075471698,
      "f": 0.7142857143
    },
    "mark": {
      "p": 0.8689320388,
      "r": 0.8364485981,
      "f": 0.8523809524
    },
    "advcl": {
      "p": 0.5846153846,
      "r": 0.6785714286,
      "f": 0.6280991736
    },
    "xcomp": {
      "p": 0.8046875,
      "r": 0.824,
      "f": 0.814229249
    },
    "iobj": {
      "p": 0.3636363636,
      "r": 0.1818181818,
      "f": 0.2424242424
    },
    "appos": {
      "p": 0.5852272727,
      "r": 0.6280487805,
      "f": 0.6058823529
    },
    "fixed": {
      "p": 0.7843137255,
      "r": 0.7142857143,
      "f": 0.7476635514
    },
    "nummod": {
      "p": 0.9735099338,
      "r": 0.9423076923,
      "f": 0.9576547231
    },
    "aux": {
      "p": 0.9666666667,
      "r": 0.935483871,
      "f": 0.9508196721
    },
    "csubj": {
      "p": 1.0,
      "r": 0.375,
      "f": 0.5454545455
    },
    "ccomp": {
      "p": 0.7037037037,
      "r": 0.6333333333,
      "f": 0.6666666667
    },
    "orphan": {
      "p": 0.0,
      "r": 0.0,
      "f": 0.0
    },
    "flat": {
      "p": 1.0,
      "r": 1.0,
      "f": 1.0
    },
    "aux:pass": {
      "p": 0.9571428571,
      "r": 0.9852941176,
      "f": 0.9710144928
    },
    "nsubj:pass": {
      "p": 0.8392857143,
      "r": 0.8703703704,
      "f": 0.8545454545
    },
    "parataxis": {
      "p": 0.4615384615,
      "r": 0.4225352113,
      "f": 0.4411764706
    },
    "list": {
      "p": 0.0,
      "r": 0.0,
      "f": 0.0
    },
    "expl": {
      "p": 0.8571428571,
      "r": 0.9473684211,
      "f": 0.9
    },
    "compound": {
      "p": 1.0,
      "r": 0.8,
      "f": 0.8888888889
    },
    "dep": {
      "p": 0.0,
      "r": 0.0,
      "f": 0.0
    },
    "vocative": {
      "p": 0.0,
      "r": 0.0,
      "f": 0.0
    },
    "discourse": {
      "p": 1.0,
      "r": 0.3333333333,
      "f": 0.5
    },
    "expl:pass": {
      "p": 0.0,
      "r": 0.0,
      "f": 0.0
    },
    "flat:foreign": {
      "p": 1.0,
      "r": 0.5,
      "f": 0.6666666667
    }
  },
  "lemma_acc": 0.9730077757,
  "tag_acc": 0.8951305295,
  "ents_p": 0.9016596045,
  "ents_r": 0.9045519847,
  "ents_f": 0.9031034788,
  "ents_per_type": {
    "LOC": {
      "p": 0.9179236451,
      "r": 0.9308016878,
      "f": 0.9243178128
    },
    "PER": {
      "p": 0.9153312407,
      "r": 0.9351054852,
      "f": 0.9251127066
    },
    "ORG": {
      "p": 0.864516129,
      "r": 0.8380612017,
      "f": 0.8510831349
    },
    "MISC": {
      "p": 0.8184853277,
      "r": 0.7704267284,
      "f": 0.7937292323
    }
  },
  "speed": 7714.8712063625
}