Row,CL,DCP,kDN,N2,N1
z_1,-0.12616770647386694,-0.10883253001433627,-0.26656385536688976,-0.7995730668001086,-0.16849814917373743
z_2,0.5367065532767759,0.49445776086986964,0.24280217546866,-0.30231983518023714,0.035037083285307205
